name,kind,released,venue,status,scope,year,url,paper,code,license,scale,tasks,modalities
Xperience-10M,dataset,2026,Hugging Face,request,,2026,https://huggingface.co/datasets/ropedia-ai/xperience-10m,,,other,"10M experiences, 10K hours, six video streams, audio, stereo depth, camera pose, hand/body mocap, IMU, hierarchical language, about 1 PB total",embodied-ai; world-modeling; robot-learning; sensor-fusion; 3d-4d-understanding; imitation-learning,fisheye-video; stereo-video; audio; stereo-depth; camera-pose; hand-mocap; full-body-mocap; imu; hierarchical-language
Xperience-10M Sample,dataset,2026,Hugging Face,open,,2026,https://huggingface.co/datasets/ropedia-ai/xperience-10m-sample,,,cc-by-nc-4.0,Public sample episode; Hugging Face viewer reports 6 rows,sample-data; loader-testing; visualization; task-suite-prototyping,video; hdf5-annotations
Ego4D,dataset,2021-10,CVPR 2022,request,,2021,https://ego4d-data.org/,https://arxiv.org/abs/2110.07058,https://github.com/facebookresearch/Ego4d,Ego4D License Agreement,"3,670+ hours, 900+ camera wearers, 74 locations, 9 countries",episodic-memory; nlq; moment-query; hand-object; forecasting; social; audio-visual,video; audio; gaze; stereo; 3d; narrations
Ego-Exo4D,dataset,2023-11,CVPR 2024,request,,2023,https://ego-exo4d-data.org/,https://arxiv.org/abs/2311.18259,https://github.com/facebookresearch/projectaria_tools,Ego-Exo4D License Agreement,"1,286 hours, 740 participants, synchronized ego/exo views",ego-exo; skilled-activity; cross-view; proficiency; pose,video; audio; gaze; imu; 3d-point-clouds; camera-poses; language
EPIC-KITCHENS-100,dataset,2020-06,IJCV 2022,open,,2020,https://epic-kitchens.github.io/,https://arxiv.org/abs/2006.13256,https://github.com/epic-kitchens/epic-kitchens-100-annotations,CC BY-NC 4.0,"100 hours, 20M frames, 90K action segments, 45 kitchens",action-recognition; action-detection; anticipation; retrieval; domain-adaptation,video; audio; narrations; object-boxes
HD-EPIC,dataset,2025-02,CVPR 2025,open,,2025,https://arxiv.org/abs/2502.04144,https://arxiv.org/abs/2502.04144,,,"41 hours, 9 kitchens, 59K fine-grained actions, 26K VQA questions",vqa; action-recognition; audio-events; object-motion; gaze-reasoning,video; audio; gaze; object-masks; digital-twins; 3d
HoloAssist,dataset,2023-09,ICCV 2023,open,,2023,https://holoassist.github.io/,https://arxiv.org/abs/2309.17024,,,"166 hours, 350 instructor-performer pairs",interactive-assistance; mistake-detection; intervention-prediction; hand-forecasting,rgb; depth; gaze; hand; head; imu; audio
Assembly101,dataset,2022-03,CVPR 2022,open,,2022,https://assembly-101.github.io/,https://arxiv.org/abs/2203.14712,,,"4,321 videos, 8 static plus 4 egocentric views, 1M fine-grained action segments",procedural-action; anticipation; temporal-segmentation; mistake-detection,multiview-video; egocentric-video; 3d-hand-pose
Ego-1K,dataset,2026-03,CVPR 2026,open,,2026,https://huggingface.co/datasets/facebook/ego-1k,https://arxiv.org/abs/2603.13741,,,"Nearly 1,000 synchronized multiview egocentric videos",dynamic-scene-understanding; novel-view-synthesis; 3d-reconstruction,multiview-video; calibration
EgoObjects,dataset,2023-09,ICCV 2023,open,,2023,https://github.com/facebookresearch/EgoObjects,https://arxiv.org/abs/2309.08816,,,"9K+ videos, 650K annotations, 368 categories in pilot release",object-detection; instance-understanding; continual-learning,video; object-boxes; instance-labels
EgoBlind,dataset,2025-03,NeurIPS 2025 D&B,watch,,2025,https://arxiv.org/abs/2503.08221,https://arxiv.org/abs/2503.08221,,,"1,392 first-person videos from blind and visually impaired users; 5,311 questions",assistive-videoqa; blind-assistance; egocentric-vqa,first-person-video; qa
EgoDex,dataset,2025-05,ICLR 2026,watch,,2025,https://arxiv.org/abs/2505.11709,https://arxiv.org/abs/2505.11709,,,"829 hours, 194 tabletop tasks, Apple Vision Pro capture",dexterous-manipulation; imitation-learning; vla,egocentric-video; 3d-hand-pose; head-pose
EgoVerse,dataset,2026-04,arXiv,watch,,2026,https://egoverse.ai/,https://arxiv.org/abs/2604.07607,,,"1,362 hours, 80K episodes, 1,965 tasks, 2,087 demonstrators",robot-learning; vla; human-demonstrations,egocentric-video; annotations; tooling
OpenEgo,dataset,2025-09,arXiv,watch,,2025,https://arxiv.org/abs/2509.05513,https://arxiv.org/abs/2509.05513,,,"1,107 hours across six public datasets, 290 manipulation tasks",dexterous-manipulation; standardized-pretraining; vla,egocentric-video; hand-pose; action-primitives
Dobb-E / HoNY,dataset,2023-11,arXiv,partial,,2023,https://dobb-e.com/,https://arxiv.org/abs/2311.16098,https://github.com/notmahi/dobb-e,,"Homes of New York dataset: 13 hours, 22 homes, 216 environments, 5,620 trajectories, 1.5M RGB-D frames collected with an iPhone-based Stick",robot-learning; imitation-learning; manipulation; data-collection,rgb; depth; robot-actions; wrist-camera-video
Universal Manipulation Interface / UMI,toolkit,2024-02,RSS 2024,open,,2024,https://umi-gripper.github.io/,https://arxiv.org/abs/2402.10329,https://github.com/real-stanford/universal_manipulation_interface,MIT,"Hand-held GoPro gripper interface and policy stack for in-the-wild robot teaching, including example and cup-arrangement data workflows",robot-learning; imitation-learning; cross-embodiment-transfer; bimanual-manipulation; data-collection,wrist-camera-video; imu; robot-actions
FastUMI,dataset,2024-09,arXiv,watch,,2024,https://arxiv.org/abs/2409.19499,https://arxiv.org/abs/2409.19499,,,"UMI redesign with a reported 10,000+ real-world demonstration trajectories across 22 everyday manipulation tasks",robot-learning; imitation-learning; manipulation; data-collection,wrist-camera-video; robot-actions
FastUMI-100K,dataset,2025-10,arXiv,open,,2025,https://huggingface.co/datasets/IPEC-COMMUNITY/FastUMI_100k_lerobot,https://arxiv.org/abs/2510.08022,https://github.com/MrKeee/FastUMI-100K,apache-2.0,"100K+ UMI-style demonstration trajectories across 54 household manipulation tasks, standardized in LeRobot v2.1 with multi-view wrist-mounted fisheye images",robot-learning; imitation-learning; cross-embodiment-transfer; bimanual-manipulation; data-collection,wrist-camera-video; robot-actions; language-instructions
MV-UMI,toolkit,2025-09,arXiv,watch,,2025,https://arxiv.org/abs/2509.18757,https://arxiv.org/abs/2509.18757,,,"Multi-view Universal Manipulation Interface adding third-person context to the egocentric wrist camera, evaluated across three manipulation tasks",robot-learning; imitation-learning; cross-embodiment-transfer; manipulation; data-collection,wrist-camera-video; third-person-video; robot-actions
UMIGen,model,2025-11,arXiv,watch,,2025,https://arxiv.org/abs/2511.09302,https://arxiv.org/abs/2511.09302,,,Cloud-UMI handheld collection and visibility-aware point-cloud generation for egocentric 3D observations and cross-embodiment imitation learning,robot-learning; imitation-learning; cross-embodiment-transfer; 3d-reconstruction; data-collection,wrist-camera-video; point-clouds; robot-actions
Hoi!,dataset,2025-12,arXiv,watch,,2025,https://arxiv.org/abs/2512.04884,https://arxiv.org/abs/2512.04884,,,"3,048 force-grounded articulated-manipulation sequences over 381 objects and 38 environments, spanning human hand, wrist camera, UMI gripper, and Hoi gripper embodiments",robot-learning; imitation-learning; cross-embodiment-transfer; contact-understanding; hand-object,wrist-camera-video; robot-actions; contact; articulated-objects
YUBI,dataset,2026-06,arXiv,watch,,2026,https://arxiv.org/abs/2606.10244,https://arxiv.org/abs/2606.10244,,,"UMI-based bimanual dexterous manipulation stack with a reported 8,434 hours, 1.20M episodes, and 119 tasks",robot-learning; imitation-learning; cross-embodiment-transfer; bimanual-manipulation; dexterous-manipulation,wrist-camera-video; robot-actions; 6dof
Open X-Embodiment / RT-X,dataset,2023-10,ICRA 2024,open,adjacent,2023,https://robotics-transformer-x.github.io/,https://arxiv.org/abs/2310.08864,,cc-by-4.0,"1M+ real robot trajectories, 22 robot embodiments, 60 pooled robot datasets (robot-mounted and wrist cameras, not human first-person)",vla; robot-learning; cross-embodiment-transfer; imitation-learning; manipulation,robot-camera-video; wrist-camera-video; language-instructions; robot-actions; rlds
EgoLive,dataset,2026-04,arXiv,watch,,2026,https://arxiv.org/abs/2604.23570,https://arxiv.org/abs/2604.23570,,,Large-scale real-world task-oriented egocentric routines,robot-manipulation; real-world-routines,egocentric-video; multimodal-annotations
World In Your Hands,dataset,2025-12,arXiv,watch,,2025,https://arxiv.org/abs/2512.24310,https://arxiv.org/abs/2512.24310,,,"Reported 1,000+ hours of multimodal human-centric manipulation data",dexterous-manipulation; vla; human-centric-policy-learning,egocentric-video; multiview; depth; hand-pose; wrist-trajectory
InterVLA,dataset,2025-08,ICCV 2025,watch,,2025,https://arxiv.org/abs/2508.04681,https://arxiv.org/abs/2508.04681,,,"11.4 hours, 1.2M frames, 2 egocentric and 5 exocentric videos",vla; human-object-human-interaction; motion-estimation; interaction-prediction,egocentric-video; exocentric-video; human-motion; object-motion; verbal-commands
EgoPAT3D / EgoPAT3Dv2,dataset,2024-03,ICRA 2024,open,,2024,https://arxiv.org/abs/2403.05046,https://arxiv.org/abs/2403.05046,,,Original EgoPAT3D reports 1M+ RGB-D and IMU frames; v2 expands 3D action-target prediction,3d-action-target-prediction; hri; anticipation; manipulation-safety,rgb; depth; imu; 3d-target-labels
HOT3D,dataset,2024-06,CVPR 2025,open,,2024,https://facebookresearch.github.io/hot3d/,https://arxiv.org/abs/2406.09598,,CC BY-NC-SA 4.0,"833+ minutes, 3.7M+ images, 19 subjects, 33 objects",3d-hand-object-tracking; ar-vr; pose,aria; quest3; gaze; point-clouds; 3d-hand-pose; object-pose; camera-pose
HOI4D,dataset,2022-03,CVPR 2022,open,,2022,https://hoi4d.github.io/,https://arxiv.org/abs/2203.01577,,CC BY-NC 4.0,"2.4M RGB-D egocentric frames, 4,000+ sequences, 800 objects",4d-hoi; pose-tracking; action-segmentation,rgbd; point-clouds; 3d-hand-pose; object-pose; segmentation
H2O,dataset,2021-04,ICCV 2021,open,,2021,https://arxiv.org/abs/2104.11181,https://arxiv.org/abs/2104.11181,,,,first-person-interaction-recognition; two-hand-pose; hand-object-pose,multiview-rgbd; 3d-hand-pose; object-pose; camera-pose; object-meshes; scene-point-clouds
ARCTIC,dataset,2022-04,CVPR 2023,request,,2022,https://arctic.is.tue.mpg.de/,https://arxiv.org/abs/2204.13662,,,2.1M frames,bimanual-manipulation; reconstruction; interaction-field-estimation,video; hand-meshes; object-meshes; contact; articulated-objects
EgoHands,dataset,2015,ICCV 2015,open,,2015,http://vision.soic.indiana.edu/projects/egohands/,,,,"48 Google Glass videos, 4,800 annotated images",hand-detection; hand-segmentation,rgb; hand-masks
FPHA,dataset,2017,CVPR 2018,open,,2017,https://guiggh.github.io/publications/first-person-hands/,,,,"100K+ RGB-D frames, 45 action classes, 26 objects",hand-action-recognition; 3d-hand-pose,rgbd; 3d-hand-pose; object-pose
EgoHOS,dataset,2022-08,ECCV 2022,open,,2022,https://github.com/owenzlz/EgoHOS,https://arxiv.org/abs/2208.03826,,,"11,243 egocentric images",hand-object-segmentation; contact-understanding,rgb; hand-object-contact-masks
Ego2Hands,dataset,2020-11,arXiv,open,,2020,https://arxiv.org/abs/2011.07252,https://arxiv.org/abs/2011.07252,,,,two-hand-segmentation; hand-detection,rgb; synthetic-composited-masks
Ego2HandsPose,dataset,2022-06,arXiv,open,,2022,https://arxiv.org/abs/2206.04927,https://arxiv.org/abs/2206.04927,,,,two-hand-3d-pose,rgb; 3d-hand-pose
EgoBody,dataset,2022,ECCV 2022,open,,2022,https://sanweiliti.github.io/egobody/egobody.html,,,,,3d-human-pose; body-shape; motion,hololens2; rgb; depth; gaze; head-pose; hand-pose; body-pose
GIMO,dataset,2022-04,ECCV 2022,open,,2022,https://github.com/y-zheng18/GIMO,https://arxiv.org/abs/2204.09443,,,,gaze-informed-motion-prediction; human-motion; scene-context,egocentric-video; gaze; body-pose; scene-scans
EgoHumans,benchmark,2023-05,ICCV 2023,partial,,2023,https://arxiv.org/abs/2305.16487,https://arxiv.org/abs/2305.16487,,,125K+ egocentric images,multi-human-tracking; 3d-pose; mesh-recovery,egocentric-video; multiview-video; 2d-pose; 3d-pose; mesh
UnrealEgo,dataset,2022-08,ECCV 2022,open,,2022,https://4dqv.mpi-inf.mpg.de/UnrealEgo/,https://arxiv.org/abs/2208.01633,,,,egocentric-3d-pose,synthetic-stereo; 3d-human-pose
xR-EgoPose,dataset,2019,GitHub,open,,2019,https://github.com/facebookresearch/xR-EgoPose,,,,,xr-pose-estimation,synthetic-egocentric; 3d-human-pose
EgoGTA / EgoPW-Scene,dataset,2022-12,arXiv,partial,,2022,https://arxiv.org/abs/2212.11684,https://arxiv.org/abs/2212.11684,,,,scene-aware-3d-human-pose; egocentric-depth; human-scene-interaction,synthetic-egocentric; scene-depth; human-pose
EgoTracks,benchmark,2023-01,NeurIPS 2023,open,,2023,https://arxiv.org/abs/2301.03213,https://arxiv.org/abs/2301.03213,,,,long-term-object-tracking; redetection,
TREK-150,benchmark,2021,project page,open,,2021,https://machinelearning.uniud.it/datasets/trek150/,,,,,single-object-tracking,
Project Aria Datasets,collection,2022,project page,open,,,https://www.projectaria.com/datasets/,,,,,ar-perception; scene-understanding; wearable-sensing,aria; vrs; calibration; gaze; imu; mps
Aria Digital Twin,dataset,2023-06,arXiv,open,,2023,https://www.projectaria.com/datasets/adt/,https://arxiv.org/abs/2306.06362,,CC BY-NC-SA 4.0,"200 sequences, 398 object instances",3d-machine-perception; object-tracking; scene-reconstruction,aria; rgb; monochrome; imu; 6dof; depth; segmentation; synthetic-rendering
Aria Everyday Activities,dataset,2024-02,arXiv,open,,2024,https://www.projectaria.com/datasets/aea/,https://arxiv.org/abs/2402.13349,,CC BY-NC-SA 4.0,143 daily activity sequences across five indoor locations,everyday-activity; neural-scene-reconstruction; prompted-segmentation,aria; trajectory; point-cloud; gaze; speech
Nymeria,dataset,2024-06,ECCV 2024,open,,2024,https://www.projectaria.com/datasets/nymeria/,https://arxiv.org/abs/2406.09905,,CC BY-NC-SA 4.0,"300 hours, 264 participants, 50 locations",motion-language; body-tracking; action-recognition,aria; eye-tracking; imu; body-motion; language; observer-view
Digital Twin Catalog,dataset,2025-04,CVPR 2025,open,,2025,https://www.projectaria.com/datasets/dtc/,https://arxiv.org/abs/2504.08541,,,"2,000 scanned digital-twin objects",object-reconstruction; digital-twin-evaluation,3d-objects; dslr-images; aria-images
EgoLife,dataset,2025-03,CVPR 2025,partial,,2025,https://arxiv.org/abs/2503.03803,https://arxiv.org/abs/2503.03803,,,"300 hours, 6 participants, one week daily life",life-assistant; long-context-qa; memory,meta-aria; video; audio; third-person-reference; qa
Ego-EXTRA,dataset,2025-12,arXiv,open,,2025,https://fpv-iplab.github.io/Ego-EXTRA/,https://arxiv.org/abs/2512.13238,,,"50 hours, 15K+ VQA pairs",expert-trainee-assistance; egocentric-vqa,video; dialogue; qa
EgoSchema,benchmark,2023-08,NeurIPS 2023,open,,2023,http://egoschema.github.io/,https://arxiv.org/abs/2308.09126,https://github.com/egoschema/EgoSchema,,"5K+ multiple-choice QA pairs, 250+ hours",long-video-qa; temporal-reasoning,
X-LeBench,benchmark,2025-01,arXiv,watch,,2025,https://arxiv.org/abs/2501.06835,https://arxiv.org/abs/2501.06835,,,"432 simulated life logs, 23 minutes to 16.4 hours",extremely-long-video-understanding; lifelogging; long-context-qa,
TeleEgo,benchmark,2025-10,arXiv,watch,,2025,https://arxiv.org/abs/2510.23981,https://arxiv.org/abs/2510.23981,,,"3,291 human-verified QA items in streaming setting",streaming-assistant; memory; real-time-understanding; cross-memory-reasoning,egocentric-video; audio; text; timeline
EgoMemReason,benchmark,2026-05,arXiv,watch,,2026,https://arxiv.org/abs/2605.09874,https://arxiv.org/abs/2605.09874,,,"500 questions across entity, event, and behavior memory; average 25.9 hours of memory backtracking",long-horizon-memory; entity-memory; event-memory; behavior-memory; egocentric-video-reasoning,
EgoClip,dataset,2022-06,NeurIPS 2022,open,,2022,https://github.com/showlab/EgoVLP,https://arxiv.org/abs/2206.01670,,,3.8M clip-text pairs,video-language-pretraining; retrieval,
RefEgo,benchmark,2023-08,ICCV 2023,open,,2023,https://github.com/shuheikurita/RefEgo,https://arxiv.org/abs/2308.12035,,,12K+ clips and 41 hours for video-based referring-expression comprehension,referring-expression-comprehension; object-grounding; referred-object-tracking,
EgoBench,benchmark,2026-05,arXiv,watch,,2026,https://arxiv.org/abs/2605.27820,https://arxiv.org/abs/2605.27820,,,"1,045 egocentric-video-grounded interactive tasks",tool-using-agents; multimodal-reasoning; interaction,
EgoIntrospect,dataset,2026-05,arXiv,watch,,2026,https://ego-introspect.github.io/,https://arxiv.org/abs/2605.17262,,,"180 hours, 60 subjects",internal-state-reasoning; affect; intent; memory,video; audio; gaze; motion; physiological-signals; self-annotations
Minerva-Ego,benchmark,2025-05,arXiv,open,adjacent,2025,https://github.com/google-deepmind/neptune,https://arxiv.org/abs/2505.00681,,,Part of the Neptune / MINERVA long-video reasoning collection over web (YouTube) videos with manually annotated reasoning traces,multistep-reasoning; long-video-qa; reasoning-traces,
MA-EgoQA,benchmark,2026-03,arXiv,open,,2026,https://ma-egoqa.github.io/,https://arxiv.org/abs/2603.09827,,,1.7K questions over multiple egocentric streams,multi-agent-memory; social-reasoning; temporal-reasoning,
EASG-Bench,benchmark,2025-06,ICCV 2025 Workshop,open,,2025,https://github.com/fpv-iplab/EASG-bench,https://arxiv.org/abs/2506.05787,,,,scene-graph-qa; relation-reasoning; temporal-reasoning,
MyEgo,benchmark,2026-04,CVPR 2026,open,,2026,https://github.com/Ryougetsu3606/MyEgo,https://arxiv.org/abs/2604.01966,,,"541 long videos, 5K personalized questions",personalized-qa; ego-grounding; long-range-memory,
EgoToM,benchmark,2025-03,arXiv,watch,,2025,https://arxiv.org/abs/2503.22152,https://arxiv.org/abs/2503.22152,,,,theory-of-mind; goal-reasoning; belief-reasoning; next-action,
EgoSound,benchmark,2026-02,CVPR 2026,watch,,2026,https://arxiv.org/abs/2602.14122,https://arxiv.org/abs/2602.14122,,,"7,315 validated QA pairs across 900 videos",sound-understanding; audio-visual-reasoning; spatial-localization; causal-reasoning,
EgoEsportsQA,benchmark,2026-04,arXiv,watch,,2026,https://arxiv.org/abs/2604.12320,https://arxiv.org/abs/2604.12320,,,"1,745 QA pairs from professional matches across three first-person shooter games",first-person-qa; virtual-egocentric-reasoning; esports-perception; tactical-reasoning,first-person-video; qa
Causal-Plan-1M,benchmark,2026-06,arXiv,watch,,2026,https://arxiv.org/abs/2606.01810,https://arxiv.org/abs/2606.01810,,,Million-scale explicit reasoning traces over egocentric videos,causal-reasoning; planning; next-state-estimation,
AssistQ,benchmark,2022-03,ECCV 2022,open,,2022,https://showlab.github.io/assistq/,https://arxiv.org/abs/2203.04203,,,531 QA samples from 100 instructional videos,task-assistance; affordance-centric-qa; action-planning,
EgoTaskQA,benchmark,2022-10,NeurIPS 2022,benchmark,,2022,https://arxiv.org/abs/2210.03929,https://arxiv.org/abs/2210.03929,,,,task-understanding; causal-reasoning; counterfactual-qa; belief-reasoning,
HowToDIV,dataset,2025-08,arXiv,watch,,2025,https://arxiv.org/abs/2508.11192,https://arxiv.org/abs/2508.11192,,,"507 conversations, 6,636 QA pairs, 24 hours",procedural-task-assistance; instructional-dialogue; egocentric-qa,egocentric-video; dialogue; qa
EgoThink,benchmark,2023-11,CVPR 2024,benchmark,,2023,https://arxiv.org/abs/2311.15596,https://arxiv.org/abs/2311.15596,,,,first-person-vqa; vlm-evaluation; embodied-reasoning,
VidEgoThink,benchmark,2024-10,ICLR 2025,benchmark,,2024,https://arxiv.org/abs/2410.11623,https://arxiv.org/abs/2410.11623,,,,video-qa; hierarchy-planning; visual-grounding; reward-modeling,
EgoCoT-Bench,benchmark,2026-05,arXiv,open,,2026,https://dstardust.github.io/EgoCoT/,https://arxiv.org/abs/2605.19559,,,"3,172 QA pairs over 351 egocentric videos",grounded-cot; operation-centric-reasoning; evidence-consistency,
NoRA,benchmark,2026-06,arXiv,watch,,2026,https://arxiv.org/abs/2606.04806,https://arxiv.org/abs/2606.04806,,,"1,420 first-person video clips",normative-action-reasoning; grounded-reasonableness; safety,
Ego2Web,benchmark,2026-03,CVPR 2026,watch,,2026,https://arxiv.org/abs/2603.22529,https://arxiv.org/abs/2603.22529,,,,web-agents; egocentric-grounding; physical-digital-assistance,
Pause and Think,benchmark,2026-06,arXiv,watch,,2026,https://arxiv.org/abs/2606.00616,https://arxiv.org/abs/2606.00616,,,,assistive-action-suggestion; grounded-reasoning; temporal-consistency,
Ego-R1,benchmark,2025-06,arXiv,watch,,2025,https://arxiv.org/abs/2506.13654,https://arxiv.org/abs/2506.13654,,,"Ego-CoTT-25K, Ego-QA-4.4K, and Ego-R1 Bench",ultra-long-video-qa; chain-of-tool-thought; temporal-retrieval,
EgoTrigger / HME-QA,benchmark,2025-08,ISMAR 2025 / TVCG,watch,,2025,https://arxiv.org/abs/2508.01915,https://arxiv.org/abs/2508.01915,,,340 human-annotated first-person QA pairs from full-length Ego4D videos curated for audio,memory-assistance; audio-triggered-capture; energy-efficient-smart-glasses; episodic-memory,first-person-video; audio; qa
GTEA / GTEA Gaze / EGTEA Gaze+,dataset,2018,project page,open,,,https://cbs.ic.gatech.edu/fpv/,,,,,action-recognition; gaze; hand-object,video; gaze; action-labels
Charades-Ego,dataset,2018-04,CVPR 2018,open,,2018,https://prior.allenai.org/projects/charades,https://arxiv.org/abs/1804.09626,,,"68.8 hours, 68,536 activity instances",action-recognition; localization; captioning; domain-transfer,first-person-video; third-person-video; descriptions
MECCANO,dataset,2020-10,WACV 2021,open,,2020,https://iplab.dmi.unict.it/MECCANO/,https://arxiv.org/abs/2010.05654,,,,ehoi; active-object-detection; action-recognition; anticipation,rgb; depth; gaze
EgoProceL,dataset,2022-07,ECCV 2022,open,,2022,https://sid2697.github.io/egoprocel/,https://arxiv.org/abs/2207.10883,,,"62 hours, 130 subjects, 16 tasks",procedure-learning; key-step-localization,
EGO-CH,dataset,2020-02,arXiv,partial,,2020,https://arxiv.org/abs/2002.00899,https://arxiv.org/abs/2002.00899,,,"27+ hours, 70 subjects, 2 cultural sites, 26 environments, 200+ points of interest",cultural-heritage; localization; object-recognition; retrieval; survey-prediction,egocentric-video; location-labels; poi-labels; surveys
EgoExoLearn,dataset,2024-03,CVPR 2024,open,,2024,https://github.com/OpenGVLab/EgoExoLearn,https://arxiv.org/abs/2403.16182,,,120 hours,cross-view-association; planning; skill-assessment,egocentric-video; demonstration-video; gaze; annotations
DogCentric,dataset,2014,project page,open,,,https://robotics.ait.kyushu-u.ac.jp/dog-centric-activity-dataset/,,,,,animal-activity-recognition,animal-egocentric-video
KrishnaCam / OAK,dataset,2021-08,ICCV 2021,partial,,2021,https://oakdata.github.io/,https://arxiv.org/abs/2108.11005,,,"OAK: 80 snippets, about 17.5 hours, 105 object categories from KrishnaCam",continual-learning; object-detection; lifelogging,egocentric-video; object-boxes
EgoK360,dataset,2020-10,arXiv,partial,,2020,https://egok360.github.io/,https://arxiv.org/abs/2010.08055,,,,360-video; activity-recognition,first-person-360-video; action-labels
EgoTraj,dataset,2026-05,arXiv,open,,2026,https://github.com/yehiahmad/EgoTraj,https://arxiv.org/abs/2605.19004,,,75 Meta Quest Pro navigation sequences,trajectory-prediction; navigation; assistive-systems,rgb; head-pose; gaze; scene-labels
VISOR,benchmark,2022,NeurIPS 2022,open,,2022,https://epic-kitchens.github.io/VISOR/,,,cc-by-nc-4.0,,hand-segmentation; active-object-segmentation; relations,
EPIC-Sounds,benchmark,2023,ICASSP 2023,open,,,https://epic-kitchens.github.io/epic-sounds/,,,,,audio-event-recognition,
EPIC-Fields,benchmark,2023,NeurIPS 2023,open,,,https://epic-kitchens.github.io/epic-fields/,,,,,3d-fields; spatial-reasoning,
EgoVLP,model,2022-06,NeurIPS 2022,open,,2022,https://github.com/showlab/EgoVLP,https://arxiv.org/abs/2206.01670,,,,video-language-pretraining; retrieval; ego4d-transfer,
EgoVLPv2,model,2023-07,ICCV 2023,open,,2023,https://shramanpramanick.github.io/EgoVLPv2/,https://arxiv.org/abs/2307.05463,,,,video-language-pretraining; cross-modal-fusion,
LaViLa,model,2022-12,CVPR 2023,open,,2022,https://arxiv.org/abs/2212.04501,https://arxiv.org/abs/2212.04501,,,,video-language-representation; narration-generation,
EgoNCE++,model,2024-05,ICLR 2025,open,,2024,https://github.com/xuboshen/EgoNCEpp,https://arxiv.org/abs/2405.17719,,,,open-vocabulary-hoi; video-language-pretraining,
EgoDTM,model,2025-03,arXiv,open,,2025,https://github.com/xuboshen/EgoDTM,https://arxiv.org/abs/2503.15470,,,,3d-aware-vlp; depth-text-pretraining,
EgoVLM,model,2025-06,arXiv,watch,,2025,https://arxiv.org/abs/2506.03097,https://arxiv.org/abs/2506.03097,,,,egocentric-video-reasoning; policy-optimization,
EgoGraph,model,2026-02,arXiv,watch,,2026,https://arxiv.org/abs/2602.23709,https://arxiv.org/abs/2602.23709,,,,temporal-knowledge-graph; ultra-long-video-qa,
Ropedia Xperience-10M Task Suite,benchmark,2026,Hugging Face,open,,2026,https://huggingface.co/spaces/cy0307/ropedia-xperience-10m-task-suite,,,,12 embodied-AI task contracts over one public Xperience-10M sample episode,task-design; sample-evaluation; multimodal-baselines; embodied-ai,video; audio; depth; camera-pose; hand-mocap; full-body-mocap; imu; language
Ropedia Xperience-10M Task Baselines,model,2026,Hugging Face,open,,2026,https://huggingface.co/cy0307/ropedia-xperience-10m-task-baselines,,,mit,"Public task definitions, baseline artifacts, metrics, and scale-up notes for Xperience-10M",baseline-evaluation; task-suite; multimodal-representation; qwen3-omni; cosmos,video; audio; depth; camera-pose; mocap; imu; language
GroundVQA,model,2023-12,CVPR 2024,open,,2023,https://github.com/Becomebright/GroundVQA,https://arxiv.org/abs/2312.06505,,,,long-video-qa; temporal-grounding; ego4d-nlq,
HiERO,model,2025-05,arXiv,watch,,2025,https://arxiv.org/abs/2505.12911,https://arxiv.org/abs/2505.12911,,,,hierarchical-activity-reasoning; egomcq; egonlq; procedure-learning,
EgoAgent,model,2025-02,arXiv,watch,,2025,https://arxiv.org/abs/2502.05857,https://arxiv.org/abs/2502.05857,,,,joint-predictive-agent; future-state-prediction; action-prediction,
StillFast,model,2023-04,arXiv,open,,2023,https://iplab.dmi.unict.it/stillfast/,https://arxiv.org/abs/2304.03959,,,,short-term-object-interaction-anticipation; next-active-object; ego4d,
CONE,model,2022-11,ECCV 2022 Workshop,watch,,2022,https://arxiv.org/abs/2211.08776,https://arxiv.org/abs/2211.08776,,,,natural-language-query; video-language-grounding; ego4d-nlq,
EgoHandTrajPred / USST,model,2023-07,ICCV 2023,open,,2023,https://actionlab-cv.github.io/EgoHandTrajPred,https://arxiv.org/abs/2307.08243,,,,3d-hand-trajectory-forecasting; anticipation; h2o; egopat3d,
Project Aria Tools,toolkit,2022,GitHub,open,,,https://github.com/facebookresearch/projectaria_tools,,,,,vrs-loading; calibration; mps; gaze; trajectory,
EPIC-KITCHENS action models,toolkit,2019,GitHub,open,,,https://github.com/epic-kitchens/action-models,,,,,action-recognition-baselines,
HOMIE-toolkit,toolkit,2026,GitHub,open,,2026,https://github.com/Ropedia/HOMIE-toolkit,,,MIT,,xperience-10m-loading; hdf5-annotations; visualization; rerun; calibration; depth; mocap; imu,
EgoCom / Ego audio-visual correspondence,dataset,2020,project page,open,,,http://vision.cs.utexas.edu/projects/ego_av_corr/,,,,Egocentric video with spatial audio for conversation and audio-visual correspondence tasks,foundation-video; video-language,
EasyCom,dataset,2021-07,arXiv,open,,2021,https://arxiv.org/abs/2107.04174,,,,AR glasses egocentric multi-channel audio and wide-FOV RGB for noisy conversations,foundation-video; video-language,
Look and Tell,dataset,2025-10,NeurIPS 2025 Workshop,watch,,2025,https://arxiv.org/abs/2510.22672,,,,"25 participants, Project Aria plus stationary cameras, gaze/speech/video, 3D reconstructions",foundation-video; video-language,
EgoVLA,model,2025,project page,watch,,,https://rchalyang.github.io/EgoVLA/,,,,VLA training from egocentric human videos plus robot fine-tuning,robot-learning; manipulation; vla,
EgoEngine,model,2026-06,arXiv,watch,,2026,https://egoengine.github.io/,https://arxiv.org/abs/2606.12604,,,Framework converting egocentric human manipulation videos into high-fidelity robot observation videos and executable robot action trajectories,robot-learning; manipulation; vla,
EgoAERO,model,2026-06,arXiv,watch,,2026,https://arxiv.org/abs/2606.08057,,,,Asset-free conversion from a single egocentric RGB-D demonstration; introduces EgoDex-R in the paper,robot-learning; manipulation; vla,
HRDexDB,dataset,2026-04,arXiv,watch,,2026,https://arxiv.org/abs/2604.14944,,,,"1.4K human/robot grasping trials, tactile, multiview video, egocentric video streams",robot-learning; manipulation; vla,
UnrealEgo2 / UnrealEgo-RW,dataset,2024-01,arXiv,watch,,2024,https://arxiv.org/abs/2401.00889,,,,Expanded stereo egocentric pose datasets from synthetic and real-world capture,hand-object; 3d; pose,
TouchMoment,dataset,2026-04,CVPR 2026 Findings,watch,,2026,https://arxiv.org/abs/2604.12343,,,,"4,021 egocentric videos, 8,456 annotated hand-object contact moments",hand-object; 3d; pose,
EgoFun3D,dataset,2026-04,arXiv,watch,,2026,https://arxiv.org/abs/2604.11038,,,,"271 egocentric videos with 3D geometry, part segmentation, articulation and function-template annotations",hand-object; 3d; pose,
EgoEMG,dataset,2026-05,arXiv,watch,,2026,https://arxiv.org/abs/2605.05712,,,,"41 participants, bilateral EMG, IMU, RGB, external RGB-D, mocap hand labels",hand-object; 3d; pose,
EgoEVHands,dataset,2024,GitHub,watch,,,https://github.com/ZJUWang01/EgoEV-HandPose,,,,"Stereo event-camera egocentric hand dataset with 5,419 sequences and 3D/2D keypoints",hand-object; 3d; pose,
EventEgoHands,benchmark,2025-05,arXiv,watch,,2025,https://arxiv.org/abs/2505.19169,,,,Event-based egocentric 3D hand mesh reconstruction benchmark over N-HOT3D,hand-object; 3d; pose,
A multimodal RGB/events FPV hand dataset,dataset,2026-06,arXiv,watch,,2026,https://arxiv.org/abs/2606.10790,,,,Synthetic event-based first-person hand detection from EgoHands plus v2e,hand-object; 3d; pose,
EgoExoMem,dataset,2026-05,arXiv,watch,,2026,https://arxiv.org/abs/2605.18734,,,,2.6K MCQs across synchronized ego-exo videos,memory; qa; assistant,
EgoSelf,model,2025,project page,watch,,,https://abie-e.github.io/egoself_project/,,,,Personalized egocentric assistant framework with graph memory,memory; qa; assistant,
EgoCross,dataset,2025,GitHub,watch,,,https://github.com/MyUniverse0726/EgoCross,,,,"About 1,000 QA pairs over surgery, industry, extreme sports, and animal-perspective clips",memory; qa; assistant,
ADL Dataset,dataset,2012,project page,partial,,,https://www.csc.kth.se/cvap/actions/,,,,Unscripted daily activity recordings with activity/object/hand annotations in classic literature,action-recognition; procedure,
Wrist-mounted ADL,dataset,2015-11,CVPR 2016,open,,2015,https://arxiv.org/abs/1511.06783,,,,Synchronized head and wrist wearable-camera daily activities,action-recognition; procedure,
Visual Experience Dataset / VEDB,dataset,2023,project page,partial,,,http://tamaraberg.com/visualexperience/,,,,240+ hours egocentric video with gaze/head tracking in classic literature,action-recognition; procedure,
UT Ego,dataset,2012,project page,partial,,,http://vision.cs.utexas.edu/projects/egocentric/,,,,Long daily egocentric videos in classic summarization work,action-recognition; procedure,
HUJI EgoSeg,dataset,2014,project page,partial,,,https://www.vision.huji.ac.il/egoseg/,,,,Long egocentric videos for temporal segmentation,action-recognition; procedure,
JPL First-Person Interaction,dataset,2013,IEEE,partial,,,https://ieeexplore.ieee.org/document/6909626,,,,First-person videos of people interacting with a humanoid observer,action-recognition; procedure,
FT-HID,dataset,2022,GitHub,open,,,https://github.com/ENDLICHERE/FT-HID,,,,90K+ RGB-D first- and third-person human interaction samples from 109 subjects,action-recognition; procedure,
LSC-ADL,dataset,2025-04,arXiv,open,,2025,https://arxiv.org/abs/2504.02060,,,,ADL annotations over lifelogging data generated with clustering plus human review,action-recognition; procedure,
SEED4D,dataset,2024-12,WACV 2025,open,adjacent,2024,https://seed4d.github.io/,https://arxiv.org/abs/2412.00730,,,"Synthetic ego-exo dynamic 4D generator and autonomous-driving dataset (16.8M images, vehicle inward/outward cameras, LiDAR; WACV 2025)",driving; 4d-reconstruction; multi-view,
Ego4D Benchmarks,benchmark,2021,project page,benchmark,,,https://ego4d-data.org/,,,,"Derived benchmark suite built on Ego4D; tasks: Natural Language Query, Moment Query, episodic memory, state change, long-term anticipation, social/audio, hand-object",benchmark; evaluation,
Ego-Exo4D Benchmarks,benchmark,2023,project page,benchmark,,,https://ego-exo4d-data.org/,,,,"Derived benchmark suite built on Ego-Exo4D; tasks: Fine-grained activity, proficiency, cross-view translation, 3D pose, object correspondence",benchmark; evaluation,
EPIC-KITCHENS Challenges,benchmark,2018,project page,benchmark,,,https://epic-kitchens.github.io/,,,,"Derived benchmark suite built on EPIC-KITCHENS / EPIC-KITCHENS-100; tasks: Recognition, detection, anticipation, retrieval, domain adaptation",benchmark; evaluation,
HD-EPIC VQA Challenge,benchmark,2025-02,arXiv,benchmark,,2025,https://arxiv.org/abs/2502.04144,,,,"Derived benchmark suite built on HD-EPIC; tasks: Recipe, ingredient, nutrition, fine-grained action, 3D perception, object motion, gaze",benchmark; evaluation,
EgoEnv,model,2022,project page,open,,,https://vision.cs.utexas.edu/projects/ego-env/,,,,Environment-aware representation learning from egocentric video,video-language; representation-learning,
EgoMAS,model,2026,project page,open,,,https://ma-egoqa.github.io/,,,,Shared-memory baseline for multi-agent egocentric video QA,video-language; representation-learning,
Ego-Exo representation transfer,model,2021-04,CVPR 2021,open,,2021,https://arxiv.org/abs/2104.07905,,,,Distillation from third-person video using ego-specific latent signals,action; tracking; pose; hoi,
EgoPoseFormer,model,2024,GitHub,open,,,https://github.com/ChenhongyiYang/egoposeformer,,,,Transformer baseline for stereo egocentric 3D human pose estimation,action; tracking; pose; hoi,
EgoSTARK,model,2023-01,arXiv,open,,2023,https://arxiv.org/abs/2301.03213,,,,Adapted long-term tracker baseline for EgoTracks,action; tracking; pose; hoi,
EgoHOS model,model,2022,GitHub,open,,,https://github.com/owenzlz/EgoHOS,,,,Context-aware hand-object segmentation and augmentation pipeline,action; tracking; pose; hoi,
AV-CONV,model,2023,project page,open,,,https://vjwq.github.io/AV-CONV/,,,,Audio-visual conversational graph prediction from ego/exo conversation,action; tracking; pose; hoi,
EgoAction,model,2026-05,CVPR 2026,watch,,2026,https://arxiv.org/abs/2605.24496,,,,CVPR 2026 EPIC-KITCHENS action detection challenge pipeline,action; tracking; pose; hoi,
EgoAdapt,model,2026-05,CVPR 2026,watch,,2026,https://arxiv.org/abs/2605.24500,,,,CVPR 2026 HD-EPIC VQA challenge inference-time adaptation pipeline,action; tracking; pose; hoi,
Ego4D CLI and docs,toolkit,2021,project page,open,,,https://ego4d-data.org/,,,,Downloading and working with Ego4D data after license approval.,tooling,
Ego-Exo4D CLI and docs,toolkit,2023,project page,open,,,https://ego-exo4d-data.org/,,,,Downloading synchronized ego-exo data and annotations.,tooling,
VISOR API,toolkit,2022,GitHub,open,,,https://github.com/epic-kitchens/VISOR,,,,Loading dense EPIC-KITCHENS hand/object masks and relations.,tooling,
EgoObjects API,toolkit,2023,GitHub,open,,,https://github.com/facebookresearch/EgoObjects,,,,Working with category and instance-level egocentric object labels.,tooling,
HOT3D tooling,toolkit,2024,project page,open,,,https://facebookresearch.github.io/hot3d/,,,,Loading HOT3D hand/object/camera pose annotations and models.,tooling,
HOI4D tooling,toolkit,2022,project page,open,,,https://hoi4d.github.io/,,,,"Loading RGB-D frames, point clouds, object meshes, and pose/segmentation annotations.",tooling,
EgoVid-5M,dataset,2024-11,NeurIPS 2025,open,,2024,https://egovid.github.io/,https://arxiv.org/abs/2411.08380,,,5M curated egocentric clips at 1080p with fine-grained kinematic and high-level textual action annotations (NeurIPS 2025),video-generation; world-modeling; action-conditioned-generation,
AoE,dataset,2026-02,arXiv,watch,,2026,https://arxiv.org/abs/2602.23893,,,,Always-on egocentric human video collection pipeline and corpus for embodied AI data scaling,robot-learning; data-collection; embodied-ai,
Seeing Across Views (MV-RoboBench),benchmark,2025-10,ICLR 2026,open,adjacent,2025,https://github.com/microsoft/MV-RoboBench,https://arxiv.org/abs/2510.19400,,,MV-RoboBench: 1.7K curated QA items over eight subtasks testing multi-view spatial reasoning of VLMs in robotic manipulation scenes (ICLR 2026),multi-view; robot-manipulation; vlm-evaluation,
EgoGesture,dataset,2017,IEEE TMM 2018,open,,2017,https://ieeexplore.ieee.org/document/8299578/,,,,"24K+ gesture samples, 3M RGB-D frames, 50 subjects, 83 static and dynamic gestures across six indoor/outdoor scenes",gesture-recognition; hand; wearable-interaction,
EgoBrain,dataset,2025-06,arXiv,watch,,2025,https://arxiv.org/abs/2506.01353,,,,Synchronized EEG and egocentric video for human action understanding from minds and eyes,eeg; action-understanding; multimodal,
MM-Ego,model,2024-10,ICLR 2025,open,,2024,https://arxiv.org/abs/2410.07177,,,,"Egocentric multimodal LLM with Memory Pointer Prompting; 7M-sample QA data engine and the EgoMemoria benchmark (629 videos, 7,026 questions)",video-language; memory; qa,
EgoStream,benchmark,2026-05,arXiv,watch,,2026,https://arxiv.org/abs/2605.31557,,,,"2,250 questions across seven memory dimensions with Answer Validity Windows, expanded to 8,528 recall-conditioned evaluations over streams up to 45.3 hours",streaming-memory; episodic-memory; qa,
EgoMemory,benchmark,2026,OpenReview,watch,,2026,https://openreview.net/forum?id=T0em4hJCQb,,,,"165,795 user-specific object annotations over 245 videos from 45 participants for memory-augmented personalized retrieval",personalized-retrieval; episodic-memory; long-context,
EgoTextVQA,benchmark,2025,CVPR 2025,open,,2025,https://openaccess.thecvf.com/content/CVPR2025/papers/Zhou_EgoTextVQA_Towards_Egocentric_Scene-Text_Aware_Video_Question_Answering_CVPR_2025_paper.pdf,,,,Egocentric scene-text-aware video QA across indoor housekeeping and outdoor driving scenes (CVPR 2025),scene-text; qa; reading,
Gesture-Based Egocentric Video QA,benchmark,2026-03,CVPR 2026,watch,,2026,https://arxiv.org/abs/2603.12533,,,,Egocentric video QA grounded in the camera wearer's pointing and deictic gestures,gesture-grounding; qa; referential,
EgoVQA,benchmark,2019,ICCV 2019,open,,2019,https://openaccess.thecvf.com/content_ICCVW_2019/html/EPIC/Fan_EgoVQA_-_An_Egocentric_Video_Question_Answering_Benchmark_Dataset_ICCVW_2019_paper.html,,,,600+ QA pairs over egocentric videos; an early first-person video question answering benchmark,qa; action; classic,
ExAct,benchmark,2025-06,arXiv,open,,2025,https://arxiv.org/abs/2506.06277,,,,Video-language benchmark for expert action analysis and feedback over skilled egocentric/exocentric activity,expert-feedback; skill-assessment; video-language,
Home Action Genome / HOMAGE,dataset,2021-05,CVPR 2021,open,,2021,https://homeactiongenome.org/,https://arxiv.org/abs/2105.05226,,,"27 participants, multi-modal synchronized ego and third-person views with 12 sensor types and hierarchical activity/action labels in home settings",action-recognition; multi-view; compositional,
EgoExo-Fitness,dataset,2024-06,ECCV 2024,open,,2024,https://github.com/iSEE-Laboratory/EgoExo-Fitness,https://arxiv.org/abs/2406.08877,,,"Synchronized ego and exo fitness videos with keypoint verification, execution comments, and action quality scores (ECCV 2024)",ego-exo; action-quality; skill-assessment,
WEAR,dataset,2023-04,IMWUT 2024,open,,2023,https://mariusbock.github.io/wear/,https://arxiv.org/abs/2304.05088,,,"22 participants, 18 outdoor workout activities, synchronized egocentric video and 3D acceleration across 11 locations (IMWUT 2024)",action-recognition; sensor-fusion; imu,
Egocentric HOI Detection,benchmark,2025-06,arXiv,open,,2025,https://arxiv.org/abs/2506.14189,,,,New benchmark and method for detecting hand-object interactions in egocentric video,hand-object; detection; interaction,
SHOW3D,dataset,2026-03,CVPR 2026,watch,,2026,https://arxiv.org/abs/2603.28760,https://arxiv.org/abs/2603.28760,,,"In-the-wild 3D hand-object interaction dataset captured with a back-mounted multi-camera rig synchronized to a worn VR headset, with multi-view 3D shape/pose annotations and text descriptions",hand-object; 3d-hand-object-tracking; 3d-reconstruction,multiview-video; 3d-hand-pose; object-pose; text
EgoTouch / TouchAnything,dataset,2026-05,arXiv,watch,,2026,https://jianyi2004.github.io/TouchAnything-Website/,https://arxiv.org/abs/2605.13083,,,"EgoTouch: 302 manipulation tasks across 4,530 episodes with synchronized egocentric and dual wrist-camera video, bimanual 3D hand pose (42 joints), and dense tactile pressure maps; TouchAnything is the accompanying tactile-estimation framework",hand-object; contact-understanding; bimanual-manipulation,egocentric-video; wrist-camera-video; 3d-hand-pose; contact
EgoEverything,benchmark,2026-04,arXiv,watch,,2026,https://arxiv.org/abs/2604.08342,https://arxiv.org/abs/2604.08342,,,"5,000+ MCQ QA pairs over 100+ hours of egocentric video, with questions generated using human attention/gaze signals for AR long-context understanding",long-context; video-qa; gaze-reasoning,egocentric-video; gaze; qa
EgoNight,benchmark,2025-10,ICLR 2026,open,,2025,https://insait-institute.github.io/EgoNight/,https://arxiv.org/abs/2510.06218,https://github.com/dehezhang2/EgoNight,,"Nighttime egocentric benchmark: EgoNight-VQA (3,658 QA over 90 videos, 12 QA types) plus day-night correspondence retrieval and egocentric depth estimation, with day-night aligned synthetic and real video",egocentric-vqa; egocentric-depth; retrieval,egocentric-video; qa; depth; synthetic-rendering
EgoIntent,benchmark,2026-03,arXiv,watch,,2026,https://arxiv.org/abs/2603.12147,https://arxiv.org/abs/2603.12147,,,"3,014 steps across 15 indoor/outdoor daily-life scenarios, evaluating local intent (What), global intent (Why), and next-step plan (Next), with future-frame leakage removed",intent; next-action; anticipation,egocentric-video; qa
EgoMAGIC,dataset,2026-04,arXiv,open,,2026,https://arxiv.org/abs/2604.22036,https://arxiv.org/abs/2604.22036,,,"3,355 egocentric field-medicine videos over 50 medical tasks from a head-mounted stereo camera with audio; 1.95M labels for 124 medical objects and an action-detection challenge",action-detection; object-detection; procedural-task-assistance,egocentric-video; stereo; audio; object-boxes
Audio Hallucination in Egocentric Video,benchmark,2026-04,ICASSP 2026,watch,,2026,https://arxiv.org/abs/2604.23860,https://arxiv.org/abs/2604.23860,,,"300 egocentric videos and 1,000 sound-focused questions probing audio hallucination in audio-visual LLMs that infer sounds from visual cues",audio-visual-reasoning; sound-understanding; evaluation,egocentric-video; audio; qa
Ego2World,benchmark,2026-05,arXiv,watch,,2026,https://arxiv.org/abs/2605.13335,https://arxiv.org/abs/2605.13335,,,Compiles egocentric cooking videos (built on HD-EPIC) into executable symbolic worlds with graph-transition rules for belief-state planning under partial observability,planning; belief-reasoning; embodied-reasoning,egocentric-video; annotations
EgoCrowds / CrowdEraser,dataset,2026-03,arXiv,watch,,2026,https://arxiv.org/abs/2603.29036,https://arxiv.org/abs/2603.29036,,,EgoCrowds: semi-synthetic paired crowded/empty clips from real egocentric walking-tour footage; CrowdEraser is a video-diffusion framework that removes crowds to produce humanless environment walkthroughs,video-generation; scene-understanding; scene-reconstruction,egocentric-video; first-person-video
EgoPressure,dataset,2024-09,CVPR 2025,open,,2025,https://yiming-zhao.github.io/EgoPressure/,https://arxiv.org/abs/2409.02224,,,"5.0 hours, 21 participants, a moving egocentric camera plus 7 stationary RGB-D cameras, with hand pose meshes and fine-grained per-contact touch pressure (CVPR 2025)",hand-object; contact-understanding; 3d-hand-pose,egocentric-video; rgbd; 3d-hand-pose; contact
EgoTL,benchmark,2026-04,arXiv,watch,,2026,https://arxiv.org/abs/2604.09535,https://arxiv.org/abs/2604.09535,,,Think-aloud (say-before-act) egocentric capture with word-level spoken reasoning and metric-scale spatial annotations over 100+ household tasks; benchmarks VLMs and world models on six task dimensions,long-context; planning; embodied-reasoning,egocentric-video; speech; annotations
SuperMemory-VQA,benchmark,2026-06,arXiv,watch,,2026,https://arxiv.org/abs/2606.00825,https://arxiv.org/abs/2606.00825,,,"52.9 hours of AI-glasses daily activities with RGB, audio transcription, gaze, IMU, and SLAM; 4,853 human-verified QA pairs across object/location memory, intent recall, and scene recall",episodic-memory; long-context; qa,egocentric-video; audio; gaze; imu; point-clouds
EgoAVU,benchmark,2026-02,CVPR 2026,open,,2026,https://github.com/facebookresearch/EgoAVU,https://arxiv.org/abs/2602.06139,https://github.com/facebookresearch/EgoAVU,,Scalable audio-visual data engine producing EgoAVU-Instruct (3M QAs) and the human-verified EgoAVU-Bench (3K QAs) for egocentric audio-visual understanding (CVPR 2026 highlight),audio-visual-reasoning; sound-understanding; evaluation,egocentric-video; audio; qa
EgoScale,dataset,2026-02,arXiv,watch,,2026,https://arxiv.org/abs/2602.16710,https://arxiv.org/abs/2602.16710,,,"20,854 hours of action-labeled egocentric human video for VLA pretraining with a human-to-robot two-stage transfer recipe; reveals a log-linear human-data scaling law",vla; robot-learning; dexterous-manipulation,egocentric-video; action-labels
StableHand,model,2026-05,arXiv,watch,,2026,https://huajian-zeng.github.io/projects/stablehand/,https://arxiv.org/abs/2605.18553,,,"Quality-aware flow-matching baseline for world-space dual-hand motion estimation from egocentric video, evaluated on HOT3D and ARCTIC",3d-hand-pose; pose; hand-object,egocentric-video; 3d-hand-pose
EgoVideo,model,2024-06,CVPR 2024,open,,2024,https://github.com/OpenGVLab/EgoVideo,https://arxiv.org/abs/2406.18070,https://github.com/OpenGVLab/EgoVideo,,Egocentric video foundation model with a slow-fast adaptation recipe; winner of multiple Ego4D / EPIC-KITCHENS challenge tracks (CVPR 2024 EgoVis),foundation-video; video-language; representation-learning,egocentric-video; text
EgoHOD,model,2025-03,ICLR 2025,open,,2025,https://github.com/InternRobotics/EgoHOD,https://arxiv.org/abs/2503.00986,https://github.com/InternRobotics/EgoHOD,,Fine-grained hand-object-dynamics pretraining (HOD pipeline) for egocentric video representation learning; SOTA on EK-100 retrieval/classification and EGTEA (ICLR 2025),video-language-pretraining; hand-object; representation-learning,egocentric-video; hand; text
EgoM2P,model,2025-06,ICCV 2025,watch,,2025,https://arxiv.org/abs/2506.07886,https://arxiv.org/abs/2506.07886,,,"Egocentric multimodal, multitask pretraining framework over RGB, depth, gaze, and camera pose with a masked modeling objective",multimodal; representation-learning; standardized-pretraining,egocentric-video; depth; gaze; camera-pose
AlanaVLM,model,2024-06,arXiv,watch,,2024,https://arxiv.org/abs/2406.13807,https://arxiv.org/abs/2406.13807,,,Multimodal embodied-AI foundation model trained for egocentric video understanding with an egocentric video instruction dataset,video-language; embodied-ai; video-qa,egocentric-video; text
Vinci,model,2024-12,IMWUT 2025,open,,2025,https://github.com/OpenGVLab/vinci,https://arxiv.org/abs/2412.21080,https://github.com/OpenGVLab/vinci,,"Real-time, always-on embodied smart assistant built on an egocentric vision-language model for portable devices, with historical-context QA, task planning, and step-by-step visual demonstrations",real-time-understanding; streaming-assistant; task-assistance,egocentric-video; audio; text
AMEGO,model,2024-09,ECCV 2024,open,,2024,https://gabrielegoletto.github.io/AMEGO/,https://arxiv.org/abs/2409.10917,https://github.com/gabrielegoletto/AMEGO,,"Active-memory representation from a single long egocentric video, capturing key locations and object interactions for fast multi-query answering; introduces the Active Memories Benchmark (20K+ queries over EPIC-KITCHENS, ECCV 2024)",long-context; memory; episodic-memory,egocentric-video
EgoInstructor,model,2024-01,CVPR 2024,open,,2024,https://jazzcharles.github.io/Egoinstructor/,https://arxiv.org/abs/2401.00789,,,"Retrieval-augmented egocentric video captioning that retrieves relevant third-person instructional clips, trained with an EgoExoNCE cross-view objective (CVPR 2024)",captioning; video-language; cross-view,egocentric-video; exocentric-video; text
GroundNLQ,model,2023-06,CVPR 2023,open,,2023,https://github.com/houzhijian/GroundNLQ,https://arxiv.org/abs/2306.15255,https://github.com/houzhijian/GroundNLQ,,Two-stage pretrained multi-scale grounding model for Ego4D Natural Language Queries; champion of the CVPR 2023 Ego4D NLQ challenge,natural-language-query; temporal-grounding; ego4d,egocentric-video; text
OSGNet,model,2025-05,CVPR 2025,open,,2025,https://github.com/Yisen-Feng/OSGNet,https://arxiv.org/abs/2505.04270,https://github.com/Yisen-Feng/OSGNet,,Object-shot enhanced grounding network for egocentric video temporal grounding; top entry on Ego4D NLQ / Goal-Step moment queries (CVPR 2025),natural-language-query; temporal-grounding; object-grounding,egocentric-video; text
EgoThinker,model,2025-10,NeurIPS 2025,watch,,2025,https://arxiv.org/abs/2510.23569,https://arxiv.org/abs/2510.23569,,,Egocentric reasoning model with spatio-temporal chain-of-thought supervision and reinforcement fine-tuning for first-person video understanding,egocentric-video-reasoning; grounded-cot; video-qa,egocentric-video; text
Walk through Paintings,model,2026-01,arXiv,watch,,2026,https://arxiv.org/abs/2601.15284,https://arxiv.org/abs/2601.15284,,,"Egocentric world models built from internet priors, generating first-person walkthroughs of static scenes such as paintings",world-modeling; video-generation; scene-understanding,egocentric-video
Temporal-Aware Ego VLM,model,2026-03,arXiv,watch,,2026,https://arxiv.org/abs/2603.27184,https://arxiv.org/abs/2603.27184,,,"Training scheme that incentivizes temporal awareness in egocentric video-understanding models, improving order- and timing-sensitive reasoning",temporal-reasoning; video-language; representation-learning,egocentric-video; text
EgoMotion,model,2026-04,arXiv,watch,,2026,https://arxiv.org/abs/2604.19105,https://arxiv.org/abs/2604.19105,,,Hierarchical reasoning plus diffusion framework for egocentric vision-language motion generation from first-person context,motion; motion-estimation; video-language,egocentric-video; motion; text
Gaze-SoM HOI Anticipation,model,2026-04,arXiv,watch,,2026,https://arxiv.org/abs/2604.03667,https://arxiv.org/abs/2604.03667,,,Leverages gaze and set-of-mark prompting in vision-language LLMs for hand-object-interaction anticipation from egocentric video,anticipation; hand-object; gaze-reasoning,egocentric-video; gaze; text
Sanpo-D,benchmark,2026-01,arXiv,watch,,2026,https://arxiv.org/abs/2601.18100,https://arxiv.org/abs/2601.18100,,,"Fine-grained re-annotation of the Sanpo egocentric navigation data with spatial signals, benchmarking spatial-conditioned reasoning of VLMs over long first-person videos",spatial-reasoning; navigation; video-qa,egocentric-video; qa
EgoSurgery,dataset,2024,MICCAI 2024,open,,2024,https://github.com/Fujiry0/EgoSurgery,https://arxiv.org/abs/2503.18755,https://github.com/Fujiry0/EgoSurgery,,Egocentric open-surgery video dataset family: EgoSurgery-Phase for surgical phase recognition and EgoSurgery-HTS for pixel-wise hand-tool segmentation of 14 surgical tools (MICCAI 2024),action-recognition; hand-object-segmentation; procedural-task-assistance,egocentric-video; segmentation; object-boxes
EgoEMS,dataset,2025-11,AAAI 2026,watch,,2025,https://arxiv.org/abs/2511.09894,https://arxiv.org/abs/2511.09894,,,"High-fidelity multimodal egocentric dataset for cognitive assistance in emergency medical services, capturing time-critical team actions in high-stakes scenarios",procedural-task-assistance; action-recognition; real-time-understanding,egocentric-video; audio; multimodal-annotations
LEMMA,dataset,2020-07,ECCV 2020,open,,2020,https://arxiv.org/abs/2007.15781,https://arxiv.org/abs/2007.15781,,,"Multi-view multi-agent multi-task daily-activity dataset across 14 kitchens and living rooms, densely annotated with atomic actions and human-object interactions (ECCV 2020)",compositional; action-recognition; anticipation,egocentric-video; third-person-video; multimodal-annotations
EgoMe,dataset,2025-01,arXiv,watch,,2025,https://arxiv.org/abs/2501.19061,https://arxiv.org/abs/2501.19061,,,"Real-world dataset and challenge for following a demonstrator via egocentric view, pairing exocentric demonstrations with egocentric imitation across everyday tasks",imitation-learning; cross-view; action-understanding,egocentric-video; exocentric-video
ENIGMA-360,dataset,2026-03,arXiv,watch,,2026,https://arxiv.org/abs/2603.09741,https://arxiv.org/abs/2603.09741,,,Ego-exo dataset for human behavior understanding in industrial scenarios with 360-degree exocentric and egocentric capture,action-understanding; ego-exo; procedure,egocentric-video; exocentric-video; first-person-360-video
EgoIllusion,benchmark,2025-08,arXiv,watch,,2025,https://arxiv.org/abs/2508.12687,https://arxiv.org/abs/2508.12687,,,"Benchmark for hallucinations in egocentric video understanding, probing where multimodal models fabricate objects, actions, and sounds",evaluation; multimodal-reasoning; audio-visual-reasoning,egocentric-video; qa
EgoExo-Con,benchmark,2025-10,arXiv,watch,,2025,https://arxiv.org/abs/2510.26113,https://arxiv.org/abs/2510.26113,,,Synchronized ego-exo video pairs with human-refined queries for view-invariant temporal verification and grounding; introduces the View-GRPO training framework,cross-view; temporal-grounding; evaluation,egocentric-video; exocentric-video; qa
WearVQA,benchmark,2025-11,NeurIPS 2025,watch,,2025,https://arxiv.org/abs/2511.22154,https://arxiv.org/abs/2511.22154,,,"First wearable-device VQA benchmark for smart glasses: 2,520 image-question-answer triplets across 7 image domains and 10 cognitive task types under occluded, low-light, and blurry egocentric capture (NeurIPS 2025)",vqa; evaluation; wearable-sensing,egocentric-video; qa
WearVox,benchmark,2026-01,arXiv,watch,,2026,https://arxiv.org/abs/2601.02391,https://arxiv.org/abs/2601.02391,,,"Egocentric multichannel voice-assistant benchmark for wearables, evaluating spoken interaction grounded in first-person audio-visual context",audio-visual-reasoning; streaming-assistant; evaluation,egocentric-video; audio; speech
SuperGlasses,benchmark,2026-02,CVPR 2026 Findings,watch,,2026,https://arxiv.org/abs/2602.22683,https://arxiv.org/abs/2602.22683,,,Benchmark evaluating vision-language models as intelligent agents for AI smart glasses across realistic wearable assistant tasks,tool-using-agents; evaluation; task-assistance,egocentric-video; qa
PhysBrain,model,2025-12,arXiv,watch,,2025,https://arxiv.org/abs/2512.16793,https://arxiv.org/abs/2512.16793,,,Uses human egocentric data as a bridge to adapt vision-language models toward physical intelligence and embodied control,embodied-ai; representation-learning; robot-learning,egocentric-video; text
EgoCampus,dataset,2025-12,arXiv,watch,,2025,https://arxiv.org/abs/2512.07668,https://arxiv.org/abs/2512.07668,,,Egocentric pedestrian eye-gaze dataset and model over campus walking routes with synchronized first-person video and gaze,gaze; navigation; trajectory-prediction,egocentric-video; gaze; scene-labels
Egocentric Clinical Intent,benchmark,2026-01,arXiv,watch,,2026,https://arxiv.org/abs/2601.06750,https://arxiv.org/abs/2601.06750,,,Benchmark for egocentric clinical intent understanding by medical multimodal LLMs over first-person clinical procedure video,intent; procedural-task-assistance; evaluation,egocentric-video; qa
1M-HUGs / HUG,dataset,2026-06,arXiv,open,,2026,https://grasping.io/,https://arxiv.org/abs/2606.17054,,,"Egocentric human-grasp dataset with 1M frames (27.8 hours), 6,707 object instances across 41 buildings, plus HUG-Bench with 90 unseen objects for zero-shot grasping",robot-learning; dexterous-manipulation; hand-object; manipulation,egocentric-video; rgbd; hand-pose; object-meshes
EgoKit,toolkit,2026-05,arXiv,open,,2026,https://egokit.chuange.org/,https://arxiv.org/abs/2605.16797,,,"Unified low-cost egocentric recording workflow across Android, iPhone, iPad, smart-glasses, and XR hosts, with synchronized ego and wrist views plus OpenXR hand tracking where available",data-collection; robot-learning; wearable-sensing; tooling,egocentric-video; wrist-camera-video; head-pose; hand-pose
MobileEgo Anywhere,toolkit,2026-05,arXiv,watch,,2026,https://arxiv.org/abs/2605.05945,https://arxiv.org/abs/2605.05945,,,"Commodity-phone infrastructure for hour-plus egocentric trajectories; releases STERA processing, a mobile recording app, and a reported 200-hour / 584-session long-form dataset",data-collection; robot-learning; vla; long-horizon-memory,egocentric-video; trajectory; action-labels
UCS-Bench / DirectMe,benchmark,2026-06,ICML 2026,open,,2026,https://github.com/cocowy1/UCS-Bench,https://arxiv.org/abs/2606.15200,https://github.com/cocowy1/UCS-Bench,,170+ hours of egocentric observations with 8.1K+ timestamped questions for user-centric continual spatial intelligence; DirectMe maintains streaming spatial memory,spatial-reasoning; episodic-memory; long-context; streaming-memory; qa,egocentric-video; qa; trajectory
StreamMemBench,benchmark,2026-06,arXiv,watch,,2026,https://arxiv.org/abs/2606.14571,https://arxiv.org/abs/2606.14571,,,"Streaming benchmark over EgoLife egocentric streams, pairing each evidence anchor with an initial task and a future follow-up to test recall, feedback incorporation, and reuse",streaming-memory; memory-assistance; evaluation; egocentric-vqa,egocentric-video; qa; dialogue
Ego-METAS,benchmark,2026-05,arXiv,watch,,2026,https://maria-sanvil.github.io/Ego-METAS-website/,https://arxiv.org/abs/2606.02246,,,"Online multimodal energy-efficient temporal action segmentation benchmark over 100+ hours from EgoExo4D, CMU-MMAC, and CaptainCook4D with RGB, audio, gaze, IMU, and monochrome streams",temporal-segmentation; action-segmentation; sensor-fusion; evaluation,egocentric-video; audio; gaze; imu; monochrome
Plan Watch Recover / EgoProactive,benchmark,2026-06,arXiv,watch,,2026,https://arxiv.org/abs/2606.04970,https://arxiv.org/abs/2606.04970,,,"Proactive procedural-assistance benchmark introducing EgoProactive with out-of-plan annotations and Pro2Bench over Ego4D, EPIC-KITCHENS, EgoExo4D, HoloAssist, and HowTo100M",procedural-task-assistance; mistake-detection; planning; interactive-assistance,egocentric-video; qa; action-labels
EgoExoBench,benchmark,2025-07,arXiv,watch,,2025,https://arxiv.org/abs/2507.18342,https://arxiv.org/abs/2507.18342,,,"First-/third-person video reasoning benchmark with 7,300+ QA pairs across 11 subtasks covering semantic alignment, viewpoint association, and temporal reasoning",ego-exo; cross-view; temporal-reasoning; video-qa; evaluation,egocentric-video; exocentric-video; qa
EgoProx,benchmark,2026-05,CVPR 2026,watch,,2026,https://arxiv.org/abs/2605.24456,https://arxiv.org/abs/2605.24456,,,"Egocentric 3D proximity reasoning benchmark organized across intention, exploration, exploitation, and chain-of-actions reasoning for MLLMs",spatial-reasoning; 3d; vqa; evaluation,egocentric-video; qa; 3d
BARISTA,benchmark,2026-05,arXiv,watch,,2026,https://arxiv.org/abs/2605.12074,https://arxiv.org/abs/2605.12074,,,"185 egocentric coffee-preparation videos with per-frame scene graphs, persistent object IDs, masks, tracks, boxes, attributes, relations, hand-object interactions, activities, and process steps",scene-graph-qa; procedural-task-assistance; hand-object; temporal-reasoning,egocentric-video; object-masks; object-boxes; action-labels
TAVIS,benchmark,2026-05,arXiv,watch,,2026,https://arxiv.org/abs/2605.07943,https://arxiv.org/abs/2605.07943,,,"Active-vision imitation-learning benchmark with TAVIS-Head (5 tasks), TAVIS-Hands (3 tasks), GR1T2 and Reachy2 embodiments, and the GALT anticipatory-gaze metric",imitation-learning; gaze; robot-learning; evaluation,egocentric-video; gaze; robot-actions
EgoPoint-Bench,benchmark,2026-04,ACL 2026,watch,,2026,https://arxiv.org/abs/2604.21461,https://arxiv.org/abs/2604.21461,,,11K+ simulated and real egocentric pointing samples spanning five evaluation dimensions and three levels of referential complexity,gesture-grounding; referential; spatial-reasoning; vqa,egocentric-video; qa; hand-pose
ReFocus / EM-QnF,benchmark,2026-04,CVPR 2026,watch,,2026,https://nsubedi11.github.io/refocus,https://arxiv.org/abs/2604.24893,,,"Episodic Memory with Questions and Feedback task for ambiguous egocentric NLQ, with feedback datasets and a plug-and-play Feedback Alignment Module",episodic-memory; natural-language-query; interactive-assistance; temporal-grounding,egocentric-video; qa; dialogue
HumanEgo,model,2026-05,arXiv,watch,,2026,https://humanego-ai.github.io,https://arxiv.org/abs/2605.24934,,,Zero-shot robot learning from minutes of human egocentric videos via entity-level hand-object representations and flow-matching policies,robot-learning; imitation-learning; cross-embodiment-transfer; hand-object,egocentric-video; hand-pose; robot-actions
EgoGuide,model,2026-06,arXiv,watch,,2026,https://silicx.github.io/EgoGuide,https://arxiv.org/abs/2606.14665,,,"Robot-free demonstration collection with synchronized wrist and head/egocentric observations, online visual-geometric data-quality guidance, and a gated egocentric residual policy",data-collection; robot-learning; imitation-learning; vla,egocentric-video; wrist-camera-video; robot-actions
Ego-Pi,model,2026-06,arXiv,watch,,2026,https://egopipaper.github.io/,https://arxiv.org/abs/2606.08107,,,VLA fine-tuning study over egocentric human and robot data using the pi0.5 foundation model and dexterous five-finger embodiments,vla; robot-learning; cross-embodiment-transfer; dexterous-manipulation,egocentric-video; robot-actions; hand-pose
EgoTactile,model,2026-06,ICML 2026 spotlight,watch,,2026,https://egotactile.github.io/,https://arxiv.org/abs/2606.09243,,,Benchmark and diffusion/baseline models pairing egocentric video with full-hand grasp-pressure supervision for everyday-object interactions,contact-understanding; hand-object; robot-learning; evaluation,egocentric-video; hand-pose; contact; depth
EgoPressDiff,model,2026-06,ICASSP 2026,watch,,2026,https://egopressdiff.github.io/,https://arxiv.org/abs/2606.06872,,,"Conditional video diffusion model for UV-domain egocentric hand-pressure maps, conditioned on hand pose, 3D mesh vertices, and depth",contact-understanding; hand-object; robot-learning,egocentric-video; hand-pose; mesh; depth
EgoForce Hand Pose,model,2026-05,SIGGRAPH 2026,open,,2026,https://dfki-av.github.io/EgoForce,https://arxiv.org/abs/2605.12498,https://dfki-av.github.io/EgoForce,,"Monocular egocentric 3D hand-pose and shape reconstruction across fisheye, perspective, and wide-FOV camera models, with source code, data, and demo available",3d-hand-pose; hand-object; ar-vr; pose,egocentric-video; hand-pose; hand-meshes
PROSE,model,2026-06,arXiv,watch,,2026,https://rckola.github.io/prose/,https://arxiv.org/abs/2606.16569,,,Training-free RGB-only egocentric scene registration using VLM-derived object-level 3D scene graphs for persistent spatial memory in robots and AR,scene-reconstruction; spatial-reasoning; ar-perception; 3d,egocentric-video; 3d; object-masks
OSGNet + MLLM Reranking,model,2026-05,CVPR 2026 EgoVis,open,,2026,https://github.com/iLearn-Lab/CVPR25-OSGNet,https://arxiv.org/abs/2605.20818,https://github.com/iLearn-Lab/CVPR25-OSGNet,,"Champion solution for the Ego4D Episodic Memory Challenge 2026 Natural Language Queries and GoalStep tracks, reranking OSGNet candidates with an MLLM",natural-language-query; temporal-grounding; ego4d; video-language,egocentric-video; text
OmniEgo-R2,model,2026-05,CVPR 2026 EgoVis,open,,2026,https://github.com/Lee-zixu/OmniEgo-R2,https://arxiv.org/abs/2605.24481,https://github.com/Lee-zixu/OmniEgo-R2,,Routed reasoning framework for EgoCross; second place in both Source-Limited and Open-Source tracks of the 1st Cross-Domain EgoCross Challenge,video-qa; egocentric-video-reasoning; domain-transfer; grounded-reasoning,egocentric-video; qa
CASTLE KG Retrieval,model,2026-06,CVPR 2026 EgoVis,watch,,2026,https://arxiv.org/abs/2606.01933,https://arxiv.org/abs/2606.01933,,,Third-place CASTLE 2026 challenge framework using video knowledge graphs and adaptive hierarchical retrieval over 600+ hours of synchronized 15-camera ego/exo streams,long-context; multi-view; video-qa; temporal-reasoning,egocentric-video; exocentric-video; multimodal-annotations
Reflective Dialogue EgoCross,model,2026-05,CVPR 2026 EgoVis,watch,,2026,https://arxiv.org/abs/2605.27885,https://arxiv.org/abs/2605.27885,,,"Inference-time Teacher/Solver reflective dialogue method for EgoCross, achieving third place in the Open-source Track without fine-tuning",video-qa; egocentric-video-reasoning; domain-transfer; grounded-reasoning,egocentric-video; qa; dialogue
EARL,model,2026-05,ICML 2026,open,,2026,https://github.com/yuggiehk/EARL,https://arxiv.org/abs/2605.14742,https://github.com/yuggiehk/EARL,,"Analysis-guided RL framework for egocentric interaction reasoning and pixel grounding, with structured coarse-to-fine interaction parsing and GRPO optimization",interaction; visual-grounding; segmentation; embodied-reasoning,egocentric-video; object-masks; qa
EgoExo-WM,model,2026-05,arXiv,watch,,2026,https://vision.cs.utexas.edu/projects/EgoExo-WM/,https://arxiv.org/abs/2605.15477,,,Transforms exocentric video into egocentric video using body-pose priors to train whole-body action-conditioned egocentric world models,world-modeling; cross-view; action-conditioned-generation; human-motion,egocentric-video; exocentric-video; human-pose
MotionGRPO,model,2026-05,ICML 2026,watch,,2026,https://arxiv.org/abs/2605.05680,https://arxiv.org/abs/2605.05680,,,GRPO-based reinforcement post-training for diffusion egocentric full-body 3D motion recovery from head-mounted device signals,egocentric-3d-pose; motion-estimation; policy-optimization,egocentric-video; body-pose; human-motion
Hand Trajectory Fusion for Ego NLQ,model,2026-06,CVPR 2026 EgoVis,watch,,2026,https://arxiv.org/abs/2606.02962,https://arxiv.org/abs/2606.02962,,,"Hand-trajectory encoder and cross-attention fusion for Ego4D Natural Language Query grounding, with gains on hand-object-interaction and quantity/state queries",natural-language-query; temporal-grounding; hand-object; ego4d,egocentric-video; hand-pose; text
ACE-Ego-0,model,2026-06,arXiv,watch,,2026,https://arxiv.org/abs/2606.17200,https://arxiv.org/abs/2606.17200,,,Unifies 4.53K hours of robot/sim data with 1.48K hours of pseudo-action-labeled egocentric human video via reliability-aware weighting for VLA pretraining; evaluated on RoboCasa GR1 and RoboTwin 2.0,vla; robot-learning; imitation-learning; manipulation,egocentric-video; language; robot-actions
EgoXtreme,dataset,2026-03,arXiv,watch,,2026,https://arxiv.org/abs/2603.25135,https://arxiv.org/abs/2603.25135,,,"Smart-glasses egocentric 6D object-pose dataset spanning industrial, sports, and rescue scenes with extreme motion blur, dynamic lighting, and heavy occlusion where current pose estimators fail",3d-4d-understanding; pose-and-body,egocentric-video; rgb
EgoForge,model,2026-03,arXiv,watch,,2026,https://arxiv.org/abs/2603.20169,https://arxiv.org/abs/2603.20169,,,Goal-directed egocentric world simulator that rolls out coherent first-person video from a single egocentric image and a high-level instruction,world-modeling; video-generation; hand-object-interaction,egocentric-video; text
EgoHOI World Model,model,2026-03,arXiv,watch,,2026,https://arxiv.org/abs/2603.13615,https://arxiv.org/abs/2603.13615,,,"Physics-informed egocentric world model that synthesizes photorealistic, contact-consistent hand-object interactions from action signals alone, without future-state inputs",world-modeling; hand-object-interaction,egocentric-video
EgoControl,model,2025-11,arXiv,watch,,2025,https://arxiv.org/abs/2511.18173,https://arxiv.org/abs/2511.18173,,,Pose-controllable egocentric video diffusion model that generates temporally coherent first-person frames conditioned on sequences of 3D full-body poses,video-generation; world-modeling; pose-and-body,egocentric-video; body-pose
EgoFlow,model,2026-04,arXiv,watch,,2026,https://arxiv.org/abs/2604.01421,https://arxiv.org/abs/2604.01421,,,Gradient-guided flow-matching framework that generates physically plausible 6DoF object trajectories from egocentric video using differentiable collision and smoothness constraints,3d-4d-understanding; hand-object-interaction,egocentric-video
WholeBodyVLA,model,2025-12,ICLR 2026,open,,2025,https://github.com/OpenDriveLab/WholebodyVLA,https://arxiv.org/abs/2512.11047,https://github.com/OpenDriveLab/WholebodyVLA,,Unified latent VLA that learns latent actions from action-free egocentric videos via a Latent Action Model for whole-body humanoid loco-manipulation; +21.3% over GR00T on AgiBot X2,vla; robot-learning; manipulation,egocentric-video; language; robot-actions
In-N-On,model,2025-11,arXiv,watch,,2025,https://arxiv.org/abs/2511.15704,https://arxiv.org/abs/2511.15704,,,"Scales egocentric manipulation with 1,000+ hours of in-the-wild human egocentric video (PHSD) plus 20+ hours on-task data to train the Human0 language-conditioned flow-matching policy",robot-learning; manipulation; imitation-learning,egocentric-video; language
EgoZero,model,2025-05,arXiv,watch,,2025,https://arxiv.org/abs/2505.20290,https://arxiv.org/abs/2505.20290,,,Trains robot manipulation policies from Project Aria smart-glasses human demonstrations with zero robot training data; ~70% zero-shot success across 7 tasks on a Franka arm,robot-learning; manipulation; imitation-learning,egocentric-video
Ego-PM,model,2025-08,arXiv,watch,,2025,https://arxiv.org/abs/2508.19852,https://arxiv.org/abs/2508.19852,,,"Egocentric predictive world model that jointly forecasts future actions and video frames conditioned on hand trajectories via a latent diffusion model; tested on Ego4D, BridgeData, and RLBench",world-modeling; video-generation; robot-learning,egocentric-video; hand-pose; text
PEDESTRIAN,dataset,2025-12,arXiv,watch,,2025,https://arxiv.org/abs/2512.19190,https://arxiv.org/abs/2512.19190,,,"340 first-person pavement videos covering 29 urban sidewalk obstacle types, with deep-learning baselines for pedestrian-safety obstacle detection",detection-segmentation; ar-sensing-navigation,egocentric-video; rgb
DeltaDorsal,model,2026-01,arXiv,open,,2026,https://github.com/hilab-open-source/deltadorsal,https://arxiv.org/abs/2601.15516,https://github.com/hilab-open-source/deltadorsal,,Dual-stream delta encoder that uses dorsal hand-skin deformation features to improve egocentric hand pose under self-occlusion (~18% lower mean per-joint angle error),pose-and-body; hand-object-interaction,egocentric-video; hand-pose
Edge Episodic Memory QA,model,2026-02,arXiv,watch,,2026,https://arxiv.org/abs/2602.22455,https://arxiv.org/abs/2602.22455,,,On-device dual-thread MLLM pipeline (continuous video-to-text summarization plus asynchronous querying) for real-time egocentric episodic-memory QA on QAEgo4D-Closed,question-answering; memory-and-long-context,egocentric-video; text
LOME,model,2026-03,arXiv,watch,,2026,https://arxiv.org/abs/2603.27449,https://arxiv.org/abs/2603.27449,,,"Action-conditioned egocentric world model that generates photorealistic human-object interactions from an image, text, and per-frame body/hand actions, with realistic physical consequences",world-modeling; video-generation; hand-object-interaction,egocentric-video; body-pose; hand-pose; text
Ego-Nav Co-training,model,2026-06,arXiv,watch,,2026,https://arxiv.org/abs/2606.01951,https://arxiv.org/abs/2606.01951,,,Converts egocentric human walking videos into robot-action datasets and co-trains a VLA with robot demonstrations for mobile navigation (fruit-search task),vla; robot-learning; ar-sensing-navigation,egocentric-video; robot-actions; language
EXPLORE-Bench,benchmark,2026-03,arXiv,watch,,2026,https://arxiv.org/abs/2603.09731,https://arxiv.org/abs/2603.09731,,,"Egocentric scene-prediction benchmark over real first-person videos: predict the final scene state after long atomic-action sequences, with object, attribute, and relation annotations; large human-model gap",reasoning-intent-planning; question-answering; world-modeling,egocentric-video; text
Hand2World,model,2026-02,arXiv,watch,,2026,https://arxiv.org/abs/2602.09600,https://arxiv.org/abs/2602.09600,,,"Autoregressive egocentric world model that generates photorealistic first-person interaction video from free-space hand gestures using occlusion-invariant hand conditioning and Plucker-ray camera embeddings; best on ARCTIC, HOT3D, HOI4D",world-modeling; video-generation; hand-object-interaction,egocentric-video; hand-pose
EgoSim,model,2026-04,arXiv,watch,,2026,https://arxiv.org/abs/2604.01001,https://arxiv.org/abs/2604.01001,,,Closed-loop egocentric world simulator that generates spatially consistent first-person interaction videos with explicit 3D grounding and dynamic world-state updates for multi-stage simulation and cross-embodiment transfer,world-modeling; video-generation; robot-learning,egocentric-video; camera-pose
EgoPush,model,2026-02,arXiv,watch,,2026,https://arxiv.org/abs/2602.18071,https://arxiv.org/abs/2602.18071,,,"End-to-end egocentric multi-object non-prehensile rearrangement for mobile robots from a single first-person camera, using object-centric relative-pose latents and teacher-student RL with zero-shot sim-to-real transfer",robot-learning; manipulation; ar-sensing-navigation,egocentric-video
MEgoHand,model,2025-05,arXiv,watch,,2025,https://arxiv.org/abs/2505.16602,https://arxiv.org/abs/2505.16602,,,"Multimodal egocentric hand-object interaction motion generator pairing a VLM cerebrum with a flow-matching policy over a unified 3.35M RGB-D frame, 24K interaction, 1.2K object dataset",hand-object-interaction; video-generation; pose-and-body,egocentric-video; rgb-d; text; hand-pose
EgoH4,model,2025-04,arXiv,watch,,2025,https://arxiv.org/abs/2504.08654,https://arxiv.org/abs/2504.08654,,,"Diffusion transformer that forecasts both-hand 3D trajectories and poses from egocentric video and camera pose, including out-of-frame hands; trained on Ego-Exo4D (156K train / 34K eval sequences)",pose-and-body; hand-object-interaction; world-modeling,egocentric-video; camera-pose; hand-pose
Diff-IP2D,model,2024-05,arXiv,open,,2024,https://github.com/IRMVLab/Diff-IP2D,https://arxiv.org/abs/2405.04370,https://github.com/IRMVLab/Diff-IP2D,,Non-autoregressive diffusion model that jointly forecasts 2D hand trajectories and object affordances on egocentric video with explicit camera-egomotion conditioning,hand-object-interaction; pose-and-body,egocentric-video; hand-pose
IndEgo,dataset,2025-11,NeurIPS 2025,open,,2025,https://huggingface.co/datasets/FraunhoferIPK/IndEgo,https://arxiv.org/abs/2511.19684,,,"~197 hours of egocentric (plus ~97 hours exocentric) industrial collaborative-work video over assembly, logistics, inspection, and repair, with gaze, narration, sound, motion, hand pose, and point clouds",action-and-procedure; assistance-and-agents; detection-segmentation,egocentric-video; gaze; audio; motion; hand-pose; point-cloud
LaMAria,benchmark,2025-09,arXiv,open,,2025,https://lamaria.ethz.ch,https://arxiv.org/abs/2509.26639,,,"City-scale egocentric visual-inertial SLAM benchmark from glasses-like wearables, hours/kilometers of trajectories with centimeter-accurate surveyed ground truth and difficulty-tiered tracks (incl. night and vehicle motion)",three-d-and-scene; ar-sensing-navigation; tracking,egocentric-video; imu; camera-pose
EgoLifter,model,2024-03,ECCV 2024,open,,2024,https://github.com/facebookresearch/egolifter,https://arxiv.org/abs/2403.18118,https://github.com/facebookresearch/egolifter,,"Open-world 3D segmentation that decomposes natural egocentric video into individual 3D objects using 3D Gaussians and SAM weak supervision, with a transient module for dynamic objects (Aria Digital Twin benchmark)",detection-segmentation; three-d-and-scene,egocentric-video; camera-pose
EgoSplat,model,2025-03,arXiv,watch,,2025,https://arxiv.org/abs/2503.11345,https://arxiv.org/abs/2503.11345,,,"Open-vocabulary egocentric scene understanding with language-embedded 3D Gaussian splatting, using SAM2-tracked multi-view instance features and an instance-aware spatio-temporal module (gains on Aria Digital Twin)",detection-segmentation; three-d-and-scene,egocentric-video; language
3D-Aware Ego Instance Tracking,model,2024-08,arXiv,watch,,2024,https://arxiv.org/abs/2408.09860,https://arxiv.org/abs/2408.09860,,,3D-aware instance segmentation and multi-object tracking in egocentric video that lifts 2D masks with scene geometry to survive rapid motion and occlusion (large ID-switch reductions on EPIC Fields),detection-segmentation; tracking; three-d-and-scene,egocentric-video; camera-pose
EgoCogNav,model,2025-11,arXiv,watch,,2025,https://arxiv.org/abs/2511.17581,https://arxiv.org/abs/2511.17581,,,"Cognition-aware egocentric navigation framework that forecasts human trajectory and head motion from perceived path uncertainty, modeling scanning, hesitation, and backtracking, with the 6-hour CEN dataset",ar-sensing-navigation; reasoning-intent-planning; pose-and-body,egocentric-video; motion
Neck-Mounted Gaze (GLC),model,2026-02,arXiv,watch,,2026,https://arxiv.org/abs/2602.11669,https://arxiv.org/abs/2602.11669,,,"Transformer gaze estimator (GLC) for a shoulder-level neck-mounted camera with an out-of-bound gaze classification task and head/neck multi-view co-learning, plus a ~4-hour 8-subject dataset",ar-sensing-navigation; pose-and-body,egocentric-video; gaze
CMU-MMAC,dataset,2009,CMU tech report 2009,open,,2009,http://kitchen.cs.cmu.edu/,http://kitchen.cs.cmu.edu/,,,"Among the earliest egocentric datasets: a multimodal kitchen-activity database with head-mounted egocentric video plus body IMUs, motion capture, and audio for 43 subjects cooking 5 recipes",action-and-procedure; detection-segmentation,egocentric-video; imu; motion; audio
First-Person Social Interactions,dataset,2012,CVPR 2012,open,,2012,http://ai.stanford.edu/~alireza/publication/CVPR12.pdf,http://ai.stanford.edu/~alireza/publication/CVPR12.pdf,,,"The first egocentric social-interaction dataset: day-long head-mounted video of 8 subjects at a theme park, annotated for social interactions, roles, attention, and turn-taking",audio-and-social; reasoning-intent-planning; detection-segmentation,egocentric-video
BEOID,dataset,2014,BMVC 2014,open,,2014,https://dimadamen.github.io/BEOID/,https://dimadamen.github.io/BEOID/,,,"Gaze-tracked egocentric video of 8 users interacting with objects across 6 everyday locations (kitchen, workspace, printer, corridor, gym) for discovering task-relevant objects and interaction modes",hand-object-interaction; action-and-procedure; detection-segmentation,egocentric-video; gaze
